library,phase,model,ordinal,kind,severity,held_inputs,route,evidence,source
thermosyspro,runtime-v3,ThermoSysPro.Examples.Control.Drum_LevelControl,0,network-boundary-port,low,True,execution-not-completed,"{""node"": ""SortieReelle1 -- pIsat.Add2.u1 -- pIsat.Limiteur1.y -- pIsat.y"", ""boundary_connectors"": ""SortieReelle1"", ""wired_to"": ""pIsat.Add2.u1, pIsat.Limiteur1.y, pIsat.y"", ""note"": ""this connector belongs to the model itself, not to a component inside it: the model is an interface compiled on its own, so the node is open on one side. Nothing forces its flow, which is why a structural matching reports an unmatched unknown here. Not a defect in the model""}",/data/mrumoca/eval/results_v3/thermosyspro/runtime_free.jsonl
thermosyspro,runtime-v3,ThermoSysPro.Examples.Control.Drum_LevelControl,1,network-boundary-port,low,True,execution-not-completed,"{""node"": ""ConsigneNiveauEau -- add.u2"", ""boundary_connectors"": ""ConsigneNiveauEau"", ""wired_to"": ""add.u2"", ""note"": ""this connector belongs to the model itself, not to a component inside it: the model is an interface compiled on its own, so the node is open on one side. Nothing forces its flow, which is why a structural matching reports an unmatched unknown here. Not a defect in the model""}",/data/mrumoca/eval/results_v3/thermosyspro/runtime_free.jsonl
thermosyspro,runtime-v3,ThermoSysPro.Examples.Control.Drum_LevelControl,2,network-boundary-port,low,True,execution-not-completed,"{""node"": ""MesureNiveauEau -- pT1_1.u"", ""boundary_connectors"": ""MesureNiveauEau"", ""wired_to"": ""pT1_1.u"", ""note"": ""this connector belongs to the model itself, not to a component inside it: the model is an interface compiled on its own, so the node is open on one side. Nothing forces its flow, which is why a structural matching reports an unmatched unknown here. Not a defect in the model""}",/data/mrumoca/eval/results_v3/thermosyspro/runtime_free.jsonl
thermosyspro,runtime-v3,ThermoSysPro.Examples.Control.Drum_LevelControl,3,network-observation-incomplete,info,True,execution-not-completed,"{""reason"": ""missing or unsynchronized connector member observations"", ""note"": ""coverage gap, not a model defect""}",/data/mrumoca/eval/results_v3/thermosyspro/runtime_free.jsonl
thermosyspro,runtime-v3,ThermoSysPro.Examples.Control.Drum_LevelControl,4,initialization-failure,high,True,execution-not-completed,"{""failure_kind"": ""nonlinear-solver-failure"", ""reason"": ""us algebraic/output reconstructed \u001b[31m\u2502\u001b[0m from the continuous equations but not owned by the reduced initialization \u001b[31m\u2502\u001b[0m projection or its total derivative) value=1.000000e-2 norm=1.000000e-2"", ""raw"": ""reading /tmp/tmprfrdkl63/traced.rbc (bitcode v2, cbor) holding 2 free input(s) constant at their start values: MesureNiveauEau.signal=0, ConsigneNiveauEau.signal=0 Simulating ThermoSysPro.Examples.Control.Drum_LevelControl to t=1 with 41 trace point(s)... \u001b[31m\u001b[0m simulation failed: solve-IR evaluation failed: initial variable projection \u001b[31m\u2502\u001b[0m did not satisfy the complete residual system: ma"", ""tool_side"": false}",/data/mrumoca/eval/results_v3/thermosyspro/runtime_free.jsonl
thermosyspro,runtime-v3,ThermoSysPro.Examples.Control.LevelControl,0,network-boundary-port,low,True,execution-not-completed,"{""node"": ""SortieReelle1 -- pIsat.Add2.u1 -- pIsat.Limiteur1.y -- pIsat.y"", ""boundary_connectors"": ""SortieReelle1"", ""wired_to"": ""pIsat.Add2.u1, pIsat.Limiteur1.y, pIsat.y"", ""note"": ""this connector belongs to the model itself, not to a component inside it: the model is an interface compiled on its own, so the node is open on one side. Nothing forces its flow, which is why a structural matching reports an unmatched unknown here. Not a defect in the model""}",/data/mrumoca/eval/results_v3/thermosyspro/runtime_free.jsonl
thermosyspro,runtime-v3,ThermoSysPro.Examples.Control.LevelControl,1,network-boundary-port,low,True,execution-not-completed,"{""node"": ""ConsigneNiveauEau -- add.u2"", ""boundary_connectors"": ""ConsigneNiveauEau"", ""wired_to"": ""add.u2"", ""note"": ""this connector belongs to the model itself, not to a component inside it: the model is an interface compiled on its own, so the node is open on one side. Nothing forces its flow, which is why a structural matching reports an unmatched unknown here. Not a defect in the model""}",/data/mrumoca/eval/results_v3/thermosyspro/runtime_free.jsonl
thermosyspro,runtime-v3,ThermoSysPro.Examples.Control.LevelControl,2,network-boundary-port,low,True,execution-not-completed,"{""node"": ""MesureNiveauEau -- pT1_1.u"", ""boundary_connectors"": ""MesureNiveauEau"", ""wired_to"": ""pT1_1.u"", ""note"": ""this connector belongs to the model itself, not to a component inside it: the model is an interface compiled on its own, so the node is open on one side. Nothing forces its flow, which is why a structural matching reports an unmatched unknown here. Not a defect in the model""}",/data/mrumoca/eval/results_v3/thermosyspro/runtime_free.jsonl
thermosyspro,runtime-v3,ThermoSysPro.Examples.Control.LevelControl,3,network-observation-incomplete,info,True,execution-not-completed,"{""reason"": ""missing or unsynchronized connector member observations"", ""note"": ""coverage gap, not a model defect""}",/data/mrumoca/eval/results_v3/thermosyspro/runtime_free.jsonl
thermosyspro,runtime-v3,ThermoSysPro.Examples.Control.LevelControl,4,initialization-failure,high,True,execution-not-completed,"{""failure_kind"": ""nonlinear-solver-failure"", ""reason"": ""us algebraic/output reconstructed \u001b[31m\u2502\u001b[0m from the continuous equations but not owned by the reduced initialization \u001b[31m\u2502\u001b[0m projection or its total derivative) value=1.000000e-2 norm=1.000000e-2"", ""raw"": ""reading /tmp/tmp3w6it138/traced.rbc (bitcode v2, cbor) holding 2 free input(s) constant at their start values: MesureNiveauEau.signal=0, ConsigneNiveauEau.signal=0 Simulating ThermoSysPro.Examples.Control.LevelControl to t=1 with 41 trace point(s)... \u001b[31m\u001b[0m simulation failed: solve-IR evaluation failed: initial variable projection \u001b[31m\u2502\u001b[0m did not satisfy the complete residual system: max sel"", ""tool_side"": false}",/data/mrumoca/eval/results_v3/thermosyspro/runtime_free.jsonl
thermosyspro,runtime-v3,ThermoSysPro.Examples.Control.Pump_VelocityControl,0,network-boundary-port,low,True,execution-not-completed,"{""node"": ""SortieReelle1 -- pIsat.Add2.u1 -- pIsat.Limiteur1.y -- pIsat.y"", ""boundary_connectors"": ""SortieReelle1"", ""wired_to"": ""pIsat.Add2.u1, pIsat.Limiteur1.y, pIsat.y"", ""note"": ""this connector belongs to the model itself, not to a component inside it: the model is an interface compiled on its own, so the node is open on one side. Nothing forces its flow, which is why a structural matching reports an unmatched unknown here. Not a defect in the model""}",/data/mrumoca/eval/results_v3/thermosyspro/runtime_free.jsonl
thermosyspro,runtime-v3,ThermoSysPro.Examples.Control.Pump_VelocityControl,1,network-boundary-port,low,True,execution-not-completed,"{""node"": ""Consigne_Vrot -- add.u2"", ""boundary_connectors"": ""Consigne_Vrot"", ""wired_to"": ""add.u2"", ""note"": ""this connector belongs to the model itself, not to a component inside it: the model is an interface compiled on its own, so the node is open on one side. Nothing forces its flow, which is why a structural matching reports an unmatched unknown here. Not a defect in the model""}",/data/mrumoca/eval/results_v3/thermosyspro/runtime_free.jsonl
thermosyspro,runtime-v3,ThermoSysPro.Examples.Control.Pump_VelocityControl,2,network-boundary-port,low,True,execution-not-completed,"{""node"": ""Mesure_Vrot -- pT1_1.u"", ""boundary_connectors"": ""Mesure_Vrot"", ""wired_to"": ""pT1_1.u"", ""note"": ""this connector belongs to the model itself, not to a component inside it: the model is an interface compiled on its own, so the node is open on one side. Nothing forces its flow, which is why a structural matching reports an unmatched unknown here. Not a defect in the model""}",/data/mrumoca/eval/results_v3/thermosyspro/runtime_free.jsonl
thermosyspro,runtime-v3,ThermoSysPro.Examples.Control.Pump_VelocityControl,3,network-observation-incomplete,info,True,execution-not-completed,"{""reason"": ""missing or unsynchronized connector member observations"", ""note"": ""coverage gap, not a model defect""}",/data/mrumoca/eval/results_v3/thermosyspro/runtime_free.jsonl
thermosyspro,runtime-v3,ThermoSysPro.Examples.Control.Pump_VelocityControl,4,initialization-failure,high,True,execution-not-completed,"{""failure_kind"": ""nonlinear-solver-failure"", ""reason"": ""uous algebraic/output reconstructed \u001b[31m\u2502\u001b[0m from the continuous equations but not owned by the reduced initialization \u001b[31m\u2502\u001b[0m projection or its total derivative) value=1.000000e3 norm=1.000000e3"", ""raw"": ""reading /tmp/tmprvydjzib/traced.rbc (bitcode v2, cbor) holding 2 free input(s) constant at their start values: Mesure_Vrot.signal=0, Consigne_Vrot.signal=0 Simulating ThermoSysPro.Examples.Control.Pump_VelocityControl to t=1 with 41 trace point(s)... \u001b[31m\u001b[0m simulation failed: solve-IR evaluation failed: initial variable projection \u001b[31m\u2502\u001b[0m did not satisfy the complete residual system: max sel"", ""tool_side"": false}",/data/mrumoca/eval/results_v3/thermosyspro/runtime_free.jsonl
thermosyspro,runtime-v3,ThermoSysPro.Examples.Control.MassFlowControl,0,network-boundary-port,low,True,execution-not-completed,"{""node"": ""SortieReelle1 -- pIsat.Add2.u1 -- pIsat.Limiteur1.y -- pIsat.y"", ""boundary_connectors"": ""SortieReelle1"", ""wired_to"": ""pIsat.Add2.u1, pIsat.Limiteur1.y, pIsat.y"", ""note"": ""this connector belongs to the model itself, not to a component inside it: the model is an interface compiled on its own, so the node is open on one side. Nothing forces its flow, which is why a structural matching reports an unmatched unknown here. Not a defect in the model""}",/data/mrumoca/eval/results_v3/thermosyspro/runtime_free.jsonl
thermosyspro,runtime-v3,ThermoSysPro.Examples.Control.MassFlowControl,1,network-boundary-port,low,True,execution-not-completed,"{""node"": ""Consigne_Q_water -- add.u2"", ""boundary_connectors"": ""Consigne_Q_water"", ""wired_to"": ""add.u2"", ""note"": ""this connector belongs to the model itself, not to a component inside it: the model is an interface compiled on its own, so the node is open on one side. Nothing forces its flow, which is why a structural matching reports an unmatched unknown here. Not a defect in the model""}",/data/mrumoca/eval/results_v3/thermosyspro/runtime_free.jsonl
thermosyspro,runtime-v3,ThermoSysPro.Examples.Control.MassFlowControl,2,network-boundary-port,low,True,execution-not-completed,"{""node"": ""Mesure_Q_water -- pT1_1.u"", ""boundary_connectors"": ""Mesure_Q_water"", ""wired_to"": ""pT1_1.u"", ""note"": ""this connector belongs to the model itself, not to a component inside it: the model is an interface compiled on its own, so the node is open on one side. Nothing forces its flow, which is why a structural matching reports an unmatched unknown here. Not a defect in the model""}",/data/mrumoca/eval/results_v3/thermosyspro/runtime_free.jsonl
thermosyspro,runtime-v3,ThermoSysPro.Examples.Control.MassFlowControl,3,network-observation-incomplete,info,True,execution-not-completed,"{""reason"": ""missing or unsynchronized connector member observations"", ""note"": ""coverage gap, not a model defect""}",/data/mrumoca/eval/results_v3/thermosyspro/runtime_free.jsonl
thermosyspro,runtime-v3,ThermoSysPro.Examples.Control.MassFlowControl,4,initialization-failure,high,True,execution-not-completed,"{""failure_kind"": ""nonlinear-solver-failure"", ""reason"": ""uous algebraic/output reconstructed \u001b[31m\u2502\u001b[0m from the continuous equations but not owned by the reduced initialization \u001b[31m\u2502\u001b[0m projection or its total derivative) value=2.000000e2 norm=2.000000e2"", ""raw"": ""reading /tmp/tmp_l3k8kb6/traced.rbc (bitcode v2, cbor) holding 2 free input(s) constant at their start values: Mesure_Q_water.signal=0, Consigne_Q_water.signal=0 Simulating ThermoSysPro.Examples.Control.MassFlowControl to t=1 with 41 trace point(s)... \u001b[31m\u001b[0m simulation failed: solve-IR evaluation failed: initial variable projection \u001b[31m\u2502\u001b[0m did not satisfy the complete residual system: max se"", ""tool_side"": false}",/data/mrumoca/eval/results_v3/thermosyspro/runtime_free.jsonl
thermosyspro,runtime-v3,ThermoSysPro.Examples.Control.Condenser_LevelControl,0,network-boundary-port,low,True,hold-input-contract-validation,"{""node"": ""SortieReelle1 -- pIsat1.Add2.u1 -- pIsat1.Limiteur1.y -- pIsat1.y"", ""boundary_connectors"": ""SortieReelle1"", ""wired_to"": ""pIsat1.Add2.u1, pIsat1.Limiteur1.y, pIsat1.y"", ""note"": ""this connector belongs to the model itself, not to a component inside it: the model is an interface compiled on its own, so the node is open on one side. Nothing forces its flow, which is why a structural matching reports an unmatched unknown here. Not a defect in the model""}",/data/mrumoca/eval/results_v3/thermosyspro/runtime_free.jsonl
thermosyspro,runtime-v3,ThermoSysPro.Examples.Control.Condenser_LevelControl,1,network-boundary-port,low,True,hold-input-contract-validation,"{""node"": ""ConsigneNiveauEau -- add.u2"", ""boundary_connectors"": ""ConsigneNiveauEau"", ""wired_to"": ""add.u2"", ""note"": ""this connector belongs to the model itself, not to a component inside it: the model is an interface compiled on its own, so the node is open on one side. Nothing forces its flow, which is why a structural matching reports an unmatched unknown here. Not a defect in the model""}",/data/mrumoca/eval/results_v3/thermosyspro/runtime_free.jsonl
thermosyspro,runtime-v3,ThermoSysPro.Examples.Control.Condenser_LevelControl,2,network-boundary-port,low,True,hold-input-contract-validation,"{""node"": ""MesureNiveauEau -- pT1_1.u"", ""boundary_connectors"": ""MesureNiveauEau"", ""wired_to"": ""pT1_1.u"", ""note"": ""this connector belongs to the model itself, not to a component inside it: the model is an interface compiled on its own, so the node is open on one side. Nothing forces its flow, which is why a structural matching reports an unmatched unknown here. Not a defect in the model""}",/data/mrumoca/eval/results_v3/thermosyspro/runtime_free.jsonl
thermosyspro,runtime-v3,ThermoSysPro.Examples.Control.Condenser_LevelControl,3,network-boundary-port,low,True,hold-input-contract-validation,"{""node"": ""MesureDebitEau -- pT1_2.u"", ""boundary_connectors"": ""MesureDebitEau"", ""wired_to"": ""pT1_2.u"", ""note"": ""this connector belongs to the model itself, not to a component inside it: the model is an interface compiled on its own, so the node is open on one side. Nothing forces its flow, which is why a structural matching reports an unmatched unknown here. Not a defect in the model""}",/data/mrumoca/eval/results_v3/thermosyspro/runtime_free.jsonl
thermosyspro,runtime-v3,ThermoSysPro.Examples.Control.Condenser_LevelControl,4,network-boundary-port,low,True,hold-input-contract-validation,"{""node"": ""MesureDebitVapeur -- pT1_3.u"", ""boundary_connectors"": ""MesureDebitVapeur"", ""wired_to"": ""pT1_3.u"", ""note"": ""this connector belongs to the model itself, not to a component inside it: the model is an interface compiled on its own, so the node is open on one side. Nothing forces its flow, which is why a structural matching reports an unmatched unknown here. Not a defect in the model""}",/data/mrumoca/eval/results_v3/thermosyspro/runtime_free.jsonl
thermosyspro,runtime-v3,ThermoSysPro.Examples.Control.Condenser_LevelControl_RE5,0,network-boundary-port,low,True,hold-input-contract-validation,"{""node"": ""SortieReelle1 -- pIsat1.Add2.u1 -- pIsat1.Limiteur1.y -- pIsat1.y"", ""boundary_connectors"": ""SortieReelle1"", ""wired_to"": ""pIsat1.Add2.u1, pIsat1.Limiteur1.y, pIsat1.y"", ""note"": ""this connector belongs to the model itself, not to a component inside it: the model is an interface compiled on its own, so the node is open on one side. Nothing forces its flow, which is why a structural matching reports an unmatched unknown here. Not a defect in the model""}",/data/mrumoca/eval/results_v3/thermosyspro/runtime_free.jsonl
thermosyspro,runtime-v3,ThermoSysPro.Examples.Control.Condenser_LevelControl_RE5,1,network-boundary-port,low,True,hold-input-contract-validation,"{""node"": ""ConsigneNiveauEau -- add.u2"", ""boundary_connectors"": ""ConsigneNiveauEau"", ""wired_to"": ""add.u2"", ""note"": ""this connector belongs to the model itself, not to a component inside it: the model is an interface compiled on its own, so the node is open on one side. Nothing forces its flow, which is why a structural matching reports an unmatched unknown here. Not a defect in the model""}",/data/mrumoca/eval/results_v3/thermosyspro/runtime_free.jsonl
thermosyspro,runtime-v3,ThermoSysPro.Examples.Control.Condenser_LevelControl_RE5,2,network-boundary-port,low,True,hold-input-contract-validation,"{""node"": ""MesureNiveauEau -- pT1_1.u"", ""boundary_connectors"": ""MesureNiveauEau"", ""wired_to"": ""pT1_1.u"", ""note"": ""this connector belongs to the model itself, not to a component inside it: the model is an interface compiled on its own, so the node is open on one side. Nothing forces its flow, which is why a structural matching reports an unmatched unknown here. Not a defect in the model""}",/data/mrumoca/eval/results_v3/thermosyspro/runtime_free.jsonl
thermosyspro,runtime-v3,ThermoSysPro.Examples.Control.TemperatureControl,0,network-boundary-port,low,True,execution-not-completed,"{""node"": ""SortieReelle1 -- pIsat.Add2.u1 -- pIsat.Limiteur1.y -- pIsat.y"", ""boundary_connectors"": ""SortieReelle1"", ""wired_to"": ""pIsat.Add2.u1, pIsat.Limiteur1.y, pIsat.y"", ""note"": ""this connector belongs to the model itself, not to a component inside it: the model is an interface compiled on its own, so the node is open on one side. Nothing forces its flow, which is why a structural matching reports an unmatched unknown here. Not a defect in the model""}",/data/mrumoca/eval/results_v3/thermosyspro/runtime_free.jsonl
thermosyspro,runtime-v3,ThermoSysPro.Examples.Control.TemperatureControl,1,network-boundary-port,low,True,execution-not-completed,"{""node"": ""ConsigneNiveauEau -- add.u2"", ""boundary_connectors"": ""ConsigneNiveauEau"", ""wired_to"": ""add.u2"", ""note"": ""this connector belongs to the model itself, not to a component inside it: the model is an interface compiled on its own, so the node is open on one side. Nothing forces its flow, which is why a structural matching reports an unmatched unknown here. Not a defect in the model""}",/data/mrumoca/eval/results_v3/thermosyspro/runtime_free.jsonl
thermosyspro,runtime-v3,ThermoSysPro.Examples.Control.TemperatureControl,2,network-boundary-port,low,True,execution-not-completed,"{""node"": ""MesureNiveauEau -- pT1_1.u"", ""boundary_connectors"": ""MesureNiveauEau"", ""wired_to"": ""pT1_1.u"", ""note"": ""this connector belongs to the model itself, not to a component inside it: the model is an interface compiled on its own, so the node is open on one side. Nothing forces its flow, which is why a structural matching reports an unmatched unknown here. Not a defect in the model""}",/data/mrumoca/eval/results_v3/thermosyspro/runtime_free.jsonl
thermosyspro,runtime-v3,ThermoSysPro.Examples.Control.TemperatureControl,3,network-observation-incomplete,info,True,execution-not-completed,"{""reason"": ""missing or unsynchronized connector member observations"", ""note"": ""coverage gap, not a model defect""}",/data/mrumoca/eval/results_v3/thermosyspro/runtime_free.jsonl
thermosyspro,runtime-v3,ThermoSysPro.Examples.Control.TemperatureControl,4,initialization-failure,high,True,execution-not-completed,"{""failure_kind"": ""nonlinear-solver-failure"", ""reason"": ""us algebraic/output reconstructed \u001b[31m\u2502\u001b[0m from the continuous equations but not owned by the reduced initialization \u001b[31m\u2502\u001b[0m projection or its total derivative) value=1.000000e-2 norm=1.000000e-2"", ""raw"": ""reading /tmp/tmpcf3bub2z/traced.rbc (bitcode v2, cbor) holding 2 free input(s) constant at their start values: MesureNiveauEau.signal=0, ConsigneNiveauEau.signal=0 Simulating ThermoSysPro.Examples.Control.TemperatureControl to t=1 with 41 trace point(s)... \u001b[31m\u001b[0m simulation failed: solve-IR evaluation failed: initial variable projection \u001b[31m\u2502\u001b[0m did not satisfy the complete residual system: m"", ""tool_side"": false}",/data/mrumoca/eval/results_v3/thermosyspro/runtime_free.jsonl
thermosyspro,runtime-v3,ThermoSysPro.Fluid.Examples.Control.Drum_LevelControl,0,network-boundary-port,low,True,execution-not-completed,"{""node"": ""SortieReelle1 -- pIsat.Add2.u1 -- pIsat.Limiteur1.y -- pIsat.y"", ""boundary_connectors"": ""SortieReelle1"", ""wired_to"": ""pIsat.Add2.u1, pIsat.Limiteur1.y, pIsat.y"", ""note"": ""this connector belongs to the model itself, not to a component inside it: the model is an interface compiled on its own, so the node is open on one side. Nothing forces its flow, which is why a structural matching reports an unmatched unknown here. Not a defect in the model""}",/data/mrumoca/eval/results_v3/thermosyspro/runtime_free.jsonl
thermosyspro,runtime-v3,ThermoSysPro.Fluid.Examples.Control.Drum_LevelControl,1,network-boundary-port,low,True,execution-not-completed,"{""node"": ""ConsigneNiveauEau -- add.u2"", ""boundary_connectors"": ""ConsigneNiveauEau"", ""wired_to"": ""add.u2"", ""note"": ""this connector belongs to the model itself, not to a component inside it: the model is an interface compiled on its own, so the node is open on one side. Nothing forces its flow, which is why a structural matching reports an unmatched unknown here. Not a defect in the model""}",/data/mrumoca/eval/results_v3/thermosyspro/runtime_free.jsonl
thermosyspro,runtime-v3,ThermoSysPro.Fluid.Examples.Control.Drum_LevelControl,2,network-boundary-port,low,True,execution-not-completed,"{""node"": ""MesureNiveauEau -- pT1_1.u"", ""boundary_connectors"": ""MesureNiveauEau"", ""wired_to"": ""pT1_1.u"", ""note"": ""this connector belongs to the model itself, not to a component inside it: the model is an interface compiled on its own, so the node is open on one side. Nothing forces its flow, which is why a structural matching reports an unmatched unknown here. Not a defect in the model""}",/data/mrumoca/eval/results_v3/thermosyspro/runtime_free.jsonl
thermosyspro,runtime-v3,ThermoSysPro.Fluid.Examples.Control.Drum_LevelControl,3,network-observation-incomplete,info,True,execution-not-completed,"{""reason"": ""missing or unsynchronized connector member observations"", ""note"": ""coverage gap, not a model defect""}",/data/mrumoca/eval/results_v3/thermosyspro/runtime_free.jsonl
thermosyspro,runtime-v3,ThermoSysPro.Fluid.Examples.Control.Drum_LevelControl,4,initialization-failure,high,True,execution-not-completed,"{""failure_kind"": ""nonlinear-solver-failure"", ""reason"": ""us algebraic/output reconstructed \u001b[31m\u2502\u001b[0m from the continuous equations but not owned by the reduced initialization \u001b[31m\u2502\u001b[0m projection or its total derivative) value=1.000000e-2 norm=1.000000e-2"", ""raw"": ""reading /tmp/tmpnena2rya/traced.rbc (bitcode v2, cbor) holding 2 free input(s) constant at their start values: MesureNiveauEau.signal=0, ConsigneNiveauEau.signal=0 Simulating ThermoSysPro.Fluid.Examples.Control.Drum_LevelControl to t=1 with 41 trace point(s)... \u001b[31m\u001b[0m simulation failed: solve-IR evaluation failed: initial variable projection \u001b[31m\u2502\u001b[0m did not satisfy the complete residual syst"", ""tool_side"": false}",/data/mrumoca/eval/results_v3/thermosyspro/runtime_free.jsonl
thermosyspro,runtime-v3,ThermoSysPro.Fluid.Examples.Control.MassFlowControl,0,network-boundary-port,low,True,execution-not-completed,"{""node"": ""SortieReelle1 -- pIsat.Add2.u1 -- pIsat.Limiteur1.y -- pIsat.y"", ""boundary_connectors"": ""SortieReelle1"", ""wired_to"": ""pIsat.Add2.u1, pIsat.Limiteur1.y, pIsat.y"", ""note"": ""this connector belongs to the model itself, not to a component inside it: the model is an interface compiled on its own, so the node is open on one side. Nothing forces its flow, which is why a structural matching reports an unmatched unknown here. Not a defect in the model""}",/data/mrumoca/eval/results_v3/thermosyspro/runtime_free.jsonl
thermosyspro,runtime-v3,ThermoSysPro.Fluid.Examples.Control.MassFlowControl,1,network-boundary-port,low,True,execution-not-completed,"{""node"": ""Consigne_Q_water -- add.u2"", ""boundary_connectors"": ""Consigne_Q_water"", ""wired_to"": ""add.u2"", ""note"": ""this connector belongs to the model itself, not to a component inside it: the model is an interface compiled on its own, so the node is open on one side. Nothing forces its flow, which is why a structural matching reports an unmatched unknown here. Not a defect in the model""}",/data/mrumoca/eval/results_v3/thermosyspro/runtime_free.jsonl
thermosyspro,runtime-v3,ThermoSysPro.Fluid.Examples.Control.MassFlowControl,2,network-boundary-port,low,True,execution-not-completed,"{""node"": ""Mesure_Q_water -- pT1_1.u"", ""boundary_connectors"": ""Mesure_Q_water"", ""wired_to"": ""pT1_1.u"", ""note"": ""this connector belongs to the model itself, not to a component inside it: the model is an interface compiled on its own, so the node is open on one side. Nothing forces its flow, which is why a structural matching reports an unmatched unknown here. Not a defect in the model""}",/data/mrumoca/eval/results_v3/thermosyspro/runtime_free.jsonl
thermosyspro,runtime-v3,ThermoSysPro.Fluid.Examples.Control.MassFlowControl,3,network-observation-incomplete,info,True,execution-not-completed,"{""reason"": ""missing or unsynchronized connector member observations"", ""note"": ""coverage gap, not a model defect""}",/data/mrumoca/eval/results_v3/thermosyspro/runtime_free.jsonl
thermosyspro,runtime-v3,ThermoSysPro.Fluid.Examples.Control.MassFlowControl,4,initialization-failure,high,True,execution-not-completed,"{""failure_kind"": ""nonlinear-solver-failure"", ""reason"": ""uous algebraic/output reconstructed \u001b[31m\u2502\u001b[0m from the continuous equations but not owned by the reduced initialization \u001b[31m\u2502\u001b[0m projection or its total derivative) value=2.000000e2 norm=2.000000e2"", ""raw"": ""reading /tmp/tmpkduqj11w/traced.rbc (bitcode v2, cbor) holding 2 free input(s) constant at their start values: Mesure_Q_water.signal=0, Consigne_Q_water.signal=0 Simulating ThermoSysPro.Fluid.Examples.Control.MassFlowControl to t=1 with 41 trace point(s)... \u001b[31m\u001b[0m simulation failed: solve-IR evaluation failed: initial variable projection \u001b[31m\u2502\u001b[0m did not satisfy the complete residual system: "", ""tool_side"": false}",/data/mrumoca/eval/results_v3/thermosyspro/runtime_free.jsonl
thermosyspro,runtime-v3,ThermoSysPro.Fluid.Examples.Control.LevelControl,0,network-boundary-port,low,True,execution-not-completed,"{""node"": ""SortieReelle1 -- pIsat.Add2.u1 -- pIsat.Limiteur1.y -- pIsat.y"", ""boundary_connectors"": ""SortieReelle1"", ""wired_to"": ""pIsat.Add2.u1, pIsat.Limiteur1.y, pIsat.y"", ""note"": ""this connector belongs to the model itself, not to a component inside it: the model is an interface compiled on its own, so the node is open on one side. Nothing forces its flow, which is why a structural matching reports an unmatched unknown here. Not a defect in the model""}",/data/mrumoca/eval/results_v3/thermosyspro/runtime_free.jsonl
thermosyspro,runtime-v3,ThermoSysPro.Fluid.Examples.Control.LevelControl,1,network-boundary-port,low,True,execution-not-completed,"{""node"": ""ConsigneNiveauEau -- add.u2"", ""boundary_connectors"": ""ConsigneNiveauEau"", ""wired_to"": ""add.u2"", ""note"": ""this connector belongs to the model itself, not to a component inside it: the model is an interface compiled on its own, so the node is open on one side. Nothing forces its flow, which is why a structural matching reports an unmatched unknown here. Not a defect in the model""}",/data/mrumoca/eval/results_v3/thermosyspro/runtime_free.jsonl
thermosyspro,runtime-v3,ThermoSysPro.Fluid.Examples.Control.LevelControl,2,network-boundary-port,low,True,execution-not-completed,"{""node"": ""MesureNiveauEau -- pT1_1.u"", ""boundary_connectors"": ""MesureNiveauEau"", ""wired_to"": ""pT1_1.u"", ""note"": ""this connector belongs to the model itself, not to a component inside it: the model is an interface compiled on its own, so the node is open on one side. Nothing forces its flow, which is why a structural matching reports an unmatched unknown here. Not a defect in the model""}",/data/mrumoca/eval/results_v3/thermosyspro/runtime_free.jsonl
thermosyspro,runtime-v3,ThermoSysPro.Fluid.Examples.Control.LevelControl,3,network-observation-incomplete,info,True,execution-not-completed,"{""reason"": ""missing or unsynchronized connector member observations"", ""note"": ""coverage gap, not a model defect""}",/data/mrumoca/eval/results_v3/thermosyspro/runtime_free.jsonl
thermosyspro,runtime-v3,ThermoSysPro.Fluid.Examples.Control.LevelControl,4,initialization-failure,high,True,execution-not-completed,"{""failure_kind"": ""nonlinear-solver-failure"", ""reason"": ""us algebraic/output reconstructed \u001b[31m\u2502\u001b[0m from the continuous equations but not owned by the reduced initialization \u001b[31m\u2502\u001b[0m projection or its total derivative) value=1.000000e-2 norm=1.000000e-2"", ""raw"": ""reading /tmp/tmp6yvsm5sr/traced.rbc (bitcode v2, cbor) holding 2 free input(s) constant at their start values: MesureNiveauEau.signal=0, ConsigneNiveauEau.signal=0 Simulating ThermoSysPro.Fluid.Examples.Control.LevelControl to t=1 with 41 trace point(s)... \u001b[31m\u001b[0m simulation failed: solve-IR evaluation failed: initial variable projection \u001b[31m\u2502\u001b[0m did not satisfy the complete residual system: m"", ""tool_side"": false}",/data/mrumoca/eval/results_v3/thermosyspro/runtime_free.jsonl
thermosyspro,runtime-v3,ThermoSysPro.Fluid.Examples.Control.Condenser_LevelControl_RE5,0,network-boundary-port,low,True,hold-input-contract-validation,"{""node"": ""SortieReelle1 -- pIsat1.Add2.u1 -- pIsat1.Limiteur1.y -- pIsat1.y"", ""boundary_connectors"": ""SortieReelle1"", ""wired_to"": ""pIsat1.Add2.u1, pIsat1.Limiteur1.y, pIsat1.y"", ""note"": ""this connector belongs to the model itself, not to a component inside it: the model is an interface compiled on its own, so the node is open on one side. Nothing forces its flow, which is why a structural matching reports an unmatched unknown here. Not a defect in the model""}",/data/mrumoca/eval/results_v3/thermosyspro/runtime_free.jsonl
thermosyspro,runtime-v3,ThermoSysPro.Fluid.Examples.Control.Condenser_LevelControl_RE5,1,network-boundary-port,low,True,hold-input-contract-validation,"{""node"": ""ConsigneNiveauEau -- add.u2"", ""boundary_connectors"": ""ConsigneNiveauEau"", ""wired_to"": ""add.u2"", ""note"": ""this connector belongs to the model itself, not to a component inside it: the model is an interface compiled on its own, so the node is open on one side. Nothing forces its flow, which is why a structural matching reports an unmatched unknown here. Not a defect in the model""}",/data/mrumoca/eval/results_v3/thermosyspro/runtime_free.jsonl
thermosyspro,runtime-v3,ThermoSysPro.Fluid.Examples.Control.Condenser_LevelControl_RE5,2,network-boundary-port,low,True,hold-input-contract-validation,"{""node"": ""MesureNiveauEau -- pT1_1.u"", ""boundary_connectors"": ""MesureNiveauEau"", ""wired_to"": ""pT1_1.u"", ""note"": ""this connector belongs to the model itself, not to a component inside it: the model is an interface compiled on its own, so the node is open on one side. Nothing forces its flow, which is why a structural matching reports an unmatched unknown here. Not a defect in the model""}",/data/mrumoca/eval/results_v3/thermosyspro/runtime_free.jsonl
thermosyspro,runtime-v3,ThermoSysPro.Fluid.Examples.Control.Condenser_LevelControl,0,network-boundary-port,low,True,hold-input-contract-validation,"{""node"": ""SortieReelle1 -- pIsat1.Add2.u1 -- pIsat1.Limiteur1.y -- pIsat1.y"", ""boundary_connectors"": ""SortieReelle1"", ""wired_to"": ""pIsat1.Add2.u1, pIsat1.Limiteur1.y, pIsat1.y"", ""note"": ""this connector belongs to the model itself, not to a component inside it: the model is an interface compiled on its own, so the node is open on one side. Nothing forces its flow, which is why a structural matching reports an unmatched unknown here. Not a defect in the model""}",/data/mrumoca/eval/results_v3/thermosyspro/runtime_free.jsonl
thermosyspro,runtime-v3,ThermoSysPro.Fluid.Examples.Control.Condenser_LevelControl,1,network-boundary-port,low,True,hold-input-contract-validation,"{""node"": ""ConsigneNiveauEau -- add.u2"", ""boundary_connectors"": ""ConsigneNiveauEau"", ""wired_to"": ""add.u2"", ""note"": ""this connector belongs to the model itself, not to a component inside it: the model is an interface compiled on its own, so the node is open on one side. Nothing forces its flow, which is why a structural matching reports an unmatched unknown here. Not a defect in the model""}",/data/mrumoca/eval/results_v3/thermosyspro/runtime_free.jsonl
thermosyspro,runtime-v3,ThermoSysPro.Fluid.Examples.Control.Condenser_LevelControl,2,network-boundary-port,low,True,hold-input-contract-validation,"{""node"": ""MesureNiveauEau -- pT1_1.u"", ""boundary_connectors"": ""MesureNiveauEau"", ""wired_to"": ""pT1_1.u"", ""note"": ""this connector belongs to the model itself, not to a component inside it: the model is an interface compiled on its own, so the node is open on one side. Nothing forces its flow, which is why a structural matching reports an unmatched unknown here. Not a defect in the model""}",/data/mrumoca/eval/results_v3/thermosyspro/runtime_free.jsonl
thermosyspro,runtime-v3,ThermoSysPro.Fluid.Examples.Control.Condenser_LevelControl,3,network-boundary-port,low,True,hold-input-contract-validation,"{""node"": ""MesureDebitEau -- pT1_2.u"", ""boundary_connectors"": ""MesureDebitEau"", ""wired_to"": ""pT1_2.u"", ""note"": ""this connector belongs to the model itself, not to a component inside it: the model is an interface compiled on its own, so the node is open on one side. Nothing forces its flow, which is why a structural matching reports an unmatched unknown here. Not a defect in the model""}",/data/mrumoca/eval/results_v3/thermosyspro/runtime_free.jsonl
thermosyspro,runtime-v3,ThermoSysPro.Fluid.Examples.Control.Condenser_LevelControl,4,network-boundary-port,low,True,hold-input-contract-validation,"{""node"": ""MesureDebitVapeur -- pT1_3.u"", ""boundary_connectors"": ""MesureDebitVapeur"", ""wired_to"": ""pT1_3.u"", ""note"": ""this connector belongs to the model itself, not to a component inside it: the model is an interface compiled on its own, so the node is open on one side. Nothing forces its flow, which is why a structural matching reports an unmatched unknown here. Not a defect in the model""}",/data/mrumoca/eval/results_v3/thermosyspro/runtime_free.jsonl
thermosyspro,runtime-v3,ThermoSysPro.Fluid.Examples.Control.Pump_VelocityControl,0,network-boundary-port,low,True,execution-not-completed,"{""node"": ""SortieReelle1 -- pIsat.Add2.u1 -- pIsat.Limiteur1.y -- pIsat.y"", ""boundary_connectors"": ""SortieReelle1"", ""wired_to"": ""pIsat.Add2.u1, pIsat.Limiteur1.y, pIsat.y"", ""note"": ""this connector belongs to the model itself, not to a component inside it: the model is an interface compiled on its own, so the node is open on one side. Nothing forces its flow, which is why a structural matching reports an unmatched unknown here. Not a defect in the model""}",/data/mrumoca/eval/results_v3/thermosyspro/runtime_free.jsonl
thermosyspro,runtime-v3,ThermoSysPro.Fluid.Examples.Control.Pump_VelocityControl,1,network-boundary-port,low,True,execution-not-completed,"{""node"": ""Consigne_Vrot -- add.u2"", ""boundary_connectors"": ""Consigne_Vrot"", ""wired_to"": ""add.u2"", ""note"": ""this connector belongs to the model itself, not to a component inside it: the model is an interface compiled on its own, so the node is open on one side. Nothing forces its flow, which is why a structural matching reports an unmatched unknown here. Not a defect in the model""}",/data/mrumoca/eval/results_v3/thermosyspro/runtime_free.jsonl
thermosyspro,runtime-v3,ThermoSysPro.Fluid.Examples.Control.Pump_VelocityControl,2,network-boundary-port,low,True,execution-not-completed,"{""node"": ""Mesure_Vrot -- pT1_1.u"", ""boundary_connectors"": ""Mesure_Vrot"", ""wired_to"": ""pT1_1.u"", ""note"": ""this connector belongs to the model itself, not to a component inside it: the model is an interface compiled on its own, so the node is open on one side. Nothing forces its flow, which is why a structural matching reports an unmatched unknown here. Not a defect in the model""}",/data/mrumoca/eval/results_v3/thermosyspro/runtime_free.jsonl
thermosyspro,runtime-v3,ThermoSysPro.Fluid.Examples.Control.Pump_VelocityControl,3,network-observation-incomplete,info,True,execution-not-completed,"{""reason"": ""missing or unsynchronized connector member observations"", ""note"": ""coverage gap, not a model defect""}",/data/mrumoca/eval/results_v3/thermosyspro/runtime_free.jsonl
thermosyspro,runtime-v3,ThermoSysPro.Fluid.Examples.Control.Pump_VelocityControl,4,initialization-failure,high,True,execution-not-completed,"{""failure_kind"": ""nonlinear-solver-failure"", ""reason"": ""uous algebraic/output reconstructed \u001b[31m\u2502\u001b[0m from the continuous equations but not owned by the reduced initialization \u001b[31m\u2502\u001b[0m projection or its total derivative) value=1.000000e3 norm=1.000000e3"", ""raw"": ""reading /tmp/tmp6wbfsm7n/traced.rbc (bitcode v2, cbor) holding 2 free input(s) constant at their start values: Mesure_Vrot.signal=0, Consigne_Vrot.signal=0 Simulating ThermoSysPro.Fluid.Examples.Control.Pump_VelocityControl to t=1 with 41 trace point(s)... \u001b[31m\u001b[0m simulation failed: solve-IR evaluation failed: initial variable projection \u001b[31m\u2502\u001b[0m did not satisfy the complete residual system: m"", ""tool_side"": false}",/data/mrumoca/eval/results_v3/thermosyspro/runtime_free.jsonl
thermosyspro,runtime-v3,ThermoSysPro.Fluid.Examples.Control.TemperatureControl,0,network-boundary-port,low,True,execution-not-completed,"{""node"": ""SortieReelle1 -- pIsat.Add2.u1 -- pIsat.Limiteur1.y -- pIsat.y"", ""boundary_connectors"": ""SortieReelle1"", ""wired_to"": ""pIsat.Add2.u1, pIsat.Limiteur1.y, pIsat.y"", ""note"": ""this connector belongs to the model itself, not to a component inside it: the model is an interface compiled on its own, so the node is open on one side. Nothing forces its flow, which is why a structural matching reports an unmatched unknown here. Not a defect in the model""}",/data/mrumoca/eval/results_v3/thermosyspro/runtime_free.jsonl
thermosyspro,runtime-v3,ThermoSysPro.Fluid.Examples.Control.TemperatureControl,1,network-boundary-port,low,True,execution-not-completed,"{""node"": ""ConsigneNiveauEau -- add.u2"", ""boundary_connectors"": ""ConsigneNiveauEau"", ""wired_to"": ""add.u2"", ""note"": ""this connector belongs to the model itself, not to a component inside it: the model is an interface compiled on its own, so the node is open on one side. Nothing forces its flow, which is why a structural matching reports an unmatched unknown here. Not a defect in the model""}",/data/mrumoca/eval/results_v3/thermosyspro/runtime_free.jsonl
thermosyspro,runtime-v3,ThermoSysPro.Fluid.Examples.Control.TemperatureControl,2,network-boundary-port,low,True,execution-not-completed,"{""node"": ""MesureNiveauEau -- pT1_1.u"", ""boundary_connectors"": ""MesureNiveauEau"", ""wired_to"": ""pT1_1.u"", ""note"": ""this connector belongs to the model itself, not to a component inside it: the model is an interface compiled on its own, so the node is open on one side. Nothing forces its flow, which is why a structural matching reports an unmatched unknown here. Not a defect in the model""}",/data/mrumoca/eval/results_v3/thermosyspro/runtime_free.jsonl
thermosyspro,runtime-v3,ThermoSysPro.Fluid.Examples.Control.TemperatureControl,3,network-observation-incomplete,info,True,execution-not-completed,"{""reason"": ""missing or unsynchronized connector member observations"", ""note"": ""coverage gap, not a model defect""}",/data/mrumoca/eval/results_v3/thermosyspro/runtime_free.jsonl
thermosyspro,runtime-v3,ThermoSysPro.Fluid.Examples.Control.TemperatureControl,4,initialization-failure,high,True,execution-not-completed,"{""failure_kind"": ""nonlinear-solver-failure"", ""reason"": ""us algebraic/output reconstructed \u001b[31m\u2502\u001b[0m from the continuous equations but not owned by the reduced initialization \u001b[31m\u2502\u001b[0m projection or its total derivative) value=1.000000e-2 norm=1.000000e-2"", ""raw"": ""reading /tmp/tmpr20fqum2/traced.rbc (bitcode v2, cbor) holding 2 free input(s) constant at their start values: MesureNiveauEau.signal=0, ConsigneNiveauEau.signal=0 Simulating ThermoSysPro.Fluid.Examples.Control.TemperatureControl to t=1 with 41 trace point(s)... \u001b[31m\u001b[0m simulation failed: solve-IR evaluation failed: initial variable projection \u001b[31m\u2502\u001b[0m did not satisfy the complete residual sys"", ""tool_side"": false}",/data/mrumoca/eval/results_v3/thermosyspro/runtime_free.jsonl
thermosyspro,runtime-v3,ThermoSysPro.InstrumentationAndControl.Blocks.Continu.FctTrans,0,initialization-failure,high,True,execution-not-completed,"{""failure_kind"": ""singular-system"", ""reason"": ""l.Blocks.Continu.FctTrans to t=1 with 6 trace point(s)... \u001b[31m\u001b[0m simulation failed: DAE structural proof failed: structurally singular \u001b[31m\u2502\u001b[0m system: 4 matched out of 5 equations and 4 unknowns"", ""raw"": ""reading /tmp/tmphyrs3db1/traced.rbc (bitcode v2, cbor) holding 2 free input(s) constant at their start values: u.signal=0, u0.signal=0 Simulating ThermoSysPro.InstrumentationAndControl.Blocks.Continu.FctTrans to t=1 with 6 trace point(s)... \u001b[31m\u001b[0m simulation failed: DAE structural proof failed: structurally singular \u001b[31m\u2502\u001b[0m system: 4 matched out of 5 equations and 4 unknowns"", ""tool_side"": false}",/data/mrumoca/eval/results_v3/thermosyspro/runtime_free.jsonl
thermosyspro,runtime-v3,ThermoSysPro.InstrumentationAndControl.Blocks.Math.Div,0,simulation-failure,high,True,execution-not-completed,"{""failure_kind"": ""non-finite-value"", ""reason"": ""oint(s)... \u001b[31m\u001b[0m simulation failed: non-finite (NaN) value computed for `y.signal` @ Span \u001b[31m\u2502\u001b[0m { source: SourceId(12023358338478355486), start: BytePos(4322), end: \u001b[31m\u2502\u001b[0m BytePos(4333) }"", ""raw"": ""reading /tmp/tmpk91l2mm4/traced.rbc (bitcode v2, cbor) holding 2 free input(s) constant at their start values: u1.signal=0, u2.signal=0 Simulating ThermoSysPro.InstrumentationAndControl.Blocks.Math.Div to t=1 with 3 trace point(s)... \u001b[31m\u001b[0m simulation failed: non-finite (NaN) value computed for `y.signal` @ Span \u001b[31m\u2502\u001b[0m { source: SourceId(12023358338478355486), start: BytePos(4322), end: \u001b[3"", ""tool_side"": false}",/data/mrumoca/eval/results_v3/thermosyspro/runtime_free.jsonl
thermosyspro,runtime-v3,ThermoSysPro.InstrumentationAndControl.Blocks.Tables.Table1D,0,simulation-failure,high,True,execution-not-completed,"{""failure_kind"": ""non-finite-value"", ""reason"": ""oint(s)... \u001b[31m\u001b[0m simulation failed: non-finite (NaN) value computed for `y.signal` @ Span \u001b[31m\u2502\u001b[0m { source: SourceId(12023358338478355486), start: BytePos(4322), end: \u001b[31m\u2502\u001b[0m BytePos(4333) }"", ""raw"": ""reading /tmp/tmp_13qua5w/traced.rbc (bitcode v2, cbor) holding 1 free input(s) constant at their start values: u.signal=0 Simulating ThermoSysPro.InstrumentationAndControl.Blocks.Tables.Table1D to t=1 with 2 trace point(s)... \u001b[31m\u001b[0m simulation failed: non-finite (NaN) value computed for `y.signal` @ Span \u001b[31m\u2502\u001b[0m { source: SourceId(12023358338478355486), start: BytePos(4322), end: \u001b[31m\u2502\u001b[0m "", ""tool_side"": false}",/data/mrumoca/eval/results_v3/thermosyspro/runtime_free.jsonl
thermosyspro,runtime-v3,ThermoSysPro.InstrumentationAndControl.Blocks.Tables.Table2D,0,simulation-failure,high,True,execution-not-completed,"{""failure_kind"": ""non-finite-value"", ""reason"": ""oint(s)... \u001b[31m\u001b[0m simulation failed: non-finite (NaN) value computed for `y.signal` @ Span \u001b[31m\u2502\u001b[0m { source: SourceId(12023358338478355486), start: BytePos(4322), end: \u001b[31m\u2502\u001b[0m BytePos(4333) }"", ""raw"": ""reading /tmp/tmp1miuv5x_/traced.rbc (bitcode v2, cbor) holding 2 free input(s) constant at their start values: u1.signal=0, u2.signal=0 Simulating ThermoSysPro.InstrumentationAndControl.Blocks.Tables.Table2D to t=1 with 3 trace point(s)... \u001b[31m\u001b[0m simulation failed: non-finite (NaN) value computed for `y.signal` @ Span \u001b[31m\u2502\u001b[0m { source: SourceId(12023358338478355486), start: BytePos(4322), en"", ""tool_side"": false}",/data/mrumoca/eval/results_v3/thermosyspro/runtime_free.jsonl
