"time","TDryBul2.y","dewBulPhi.TDewPoi","dewBulPhi1.TDewPoi","phi.y","dewBulPhi.phi","dewBulPhi1.TDryBul"
0,275.15,206.577323243448,262.6684735302817,0.001,0.001,275.15
0.01,275.5,239.19157751236,262.9984680021354,0.01099,0.01099,275.5
0.02,275.85,247.3895182709914,263.3279904221168,0.02098,0.02098,275.85
0.03,276.2,252.3361600554255,263.6570495499081,0.03097,0.03097,276.2
0.04,276.55,255.9147902884851,263.9856540043905,0.04096,0.04096,276.55
0.05,276.9,258.733594616025,264.3138122656854,0.05095,0.05095,276.9
0.06,277.25,261.0671370005772,264.6415326771655,0.06094,0.06094,277.25
0.07000000000000001,277.6,263.0631453189823,264.9688234474381,0.07093000000000001,0.07093000000000001,277.6
0.08,277.95,264.8103800313706,265.2956926522971,0.08092000000000001,0.08092000000000001,277.95
0.09,278.3,266.3664080671391,265.6221482366489,0.09090999999999999,0.09090999999999999,278.3
0.1,278.65,267.7707262367858,265.9481980164084,0.1009,0.1009,278.65
0.11,279,269.0516304631458,266.2738496803688,0.11089,0.11089,279
0.12,279.35,270.2300992879257,266.5991107920434,0.12088,0.12088,279.35
0.13,279.7,271.3221258026608,266.9239887914813,0.13087,0.13087,279.7
0.14,280.05,272.3401875520991,267.2484909970556,0.14086,0.14086,280.05
0.15,280.4,273.2942108660671,267.5726246072272,0.15085,0.15085,280.4
0.16,280.75,274.1922250854998,267.8963967022817,0.16084,0.16084,280.75
0.17,281.1,275.0408192573103,268.2198142460419,0.17083,0.17083,281.1
0.18,281.45,275.8454688797288,268.5428840875559,0.18082,0.18082,281.45
0.19,281.8,276.6107747385093,268.8656129627591,0.19081,0.19081,281.8
0.2,282.15,277.3406408057494,269.1880074961138,0.2008,0.2008,282.15
0.21,282.5,278.0384089798683,269.5100742022249,0.21079,0.21079,282.5
0.22,282.85,278.7069626689949,269.8318194874313,0.22078,0.22078,282.85
0.23,283.2,279.3488074947478,270.1532496513755,0.23077,0.23077,283.2
0.24,283.55,279.9661349342826,270.4743708885499,0.24076,0.24076,283.55
0.25,283.9,280.5608730609206,270.7951892898206,0.25075,0.25075,283.9
0.26,284.25,281.134727405092,271.1157108439303,0.26074,0.26074,284.25
0.27,284.6,281.6892141617285,271.4359414389785,0.27073,0.27073,284.6
0.28,284.95,282.2256874055353,271.7558868638806,0.28072,0.28072,284.95
0.29,285.3,282.7453615689905,272.0755528098067,0.29071,0.29071,285.3
0.3,285.65,283.2493301412953,272.3949448715988,0.3007,0.3007,285.65
0.31,286,283.7385813274601,272.7140685491687,0.31069,0.31069,286
0.32,286.35,284.2140112431308,273.0329292488744,0.32068,0.32068,286.35
0.33,286.7,284.6764350973247,273.3515322848787,0.33067,0.33067,286.7
0.34,287.05,285.1265967211855,273.6698828804859,0.34066,0.34066,287.05
0.35,287.4,285.5651767285445,273.9879861694621,0.35065,0.35065,287.4
0.36,287.75,285.9927995379974,274.3058471973338,0.36064,0.36064,287.75
0.37,288.1,286.4100394423659,274.6234709226708,0.37063,0.37063,288.1
0.38,288.45,286.8174258769001,274.9408622183478,0.38062,0.38062,288.45
0.39,288.8,287.2154480101968,275.2580258727906,0.39061,0.39061,288.8
0.4,289.15,287.6045587599625,275.5749665912024,0.4006,0.4006,289.15
0.41,289.5,287.9851783181902,275.8916889967743,0.41059,0.41059,289.5
0.42,289.85,288.3576972561402,276.2081976318772,0.42058,0.42058,289.85
0.43,290.2,288.7224792679826,276.5244969592375,0.43057,0.43057,290.2
0.44,290.55,289.0798636025482,276.8405913630959,0.44056,0.44056,290.55
0.45,290.9,289.4301672249024,277.1564851503493,0.45055,0.45055,290.9
0.46,291.25,289.773686743075,277.4721825516768,0.46054,0.46054,291.25
0.47,291.6,290.1107001299981,277.7876877226498,0.4705299999999999,0.4705299999999999,291.6
0.48,291.95,290.4414682663012,278.103004744826,0.48052,0.48052,291.95
0.49,292.3,290.7662363259331,278.4181376268278,0.49051,0.49051,292.3
0.5,292.65,291.0852350234974,278.7330903054058,0.5004999999999999,0.5004999999999999,292.65
0.51,293,291.3986817395868,279.0478666464869,0.51049,0.51049,293
0.52,293.35,291.7067815381985,279.3624704462069,0.5204800000000001,0.5204800000000001,293.35
0.53,293.7,292.0097280884575,279.6769054319305,0.53047,0.53047,293.7
0.54,294.05,292.3077045012764,279.9911752632541,0.5404600000000001,0.5404600000000001,294.05
0.55,294.4,292.6008840902315,280.3052835329963,0.55045,0.55045,294.4
0.5600000000000001,294.75,292.8894310647691,280.6192337681735,0.56044,0.56044,294.75
0.57,295.1,293.1735011628615,280.9330294309624,0.57043,0.57043,295.1
0.58,295.45,293.4532422293674,281.2466739196483,0.5804199999999999,0.5804199999999999,295.45
0.59,295.8,293.7287947456135,281.5601705695596,0.59041,0.59041,295.8
0.6,296.15,294.0002923150658,281.8735226539905,0.6003999999999999,0.6003999999999999,296.15
0.61,296.5,294.2678621094031,282.1867333851091,0.61039,0.61039,296.5
0.62,296.85,294.5316252788157,282.4998059148534,0.62038,0.62038,296.85
0.63,297.2,294.7916973299304,282.812743335815,0.63037,0.63037,297.2
0.64,297.55,295.0481884743875,283.1255486821091,0.64036,0.64036,297.55
0.65,297.9,295.3012039507728,283.4382249302341,0.65035,0.65035,297.9
0.66,298.25,295.5508443223192,283.7507749999169,0.66034,0.66034,298.25
0.67,298.6,295.7972057525412,284.0632017549482,0.6703300000000001,0.6703300000000001,298.6
0.68,298.95,296.0403802607429,284.3755080040047,0.68032,0.68032,298.95
0.6899999999999999,299.3,296.2804559591431,284.6876965014603,0.69031,0.69031,299.3
0.7,299.65,296.5175172731884,284.9997699481859,0.7002999999999999,0.7002999999999999,299.65
0.71,300,296.7516451464679,285.3117309923381,0.71029,0.71029,300
0.72,300.35,296.9829172315086,285.6235822301357,0.7202799999999999,0.7202799999999999,300.35
0.73,300.7,297.211408067607,285.9353262066268,0.73027,0.73027,300.7
0.74,301.05,297.4371892467423,286.2469654164441,0.74026,0.74026,301.05
0.75,301.4,297.6603295685222,286.5585023045504,0.75025,0.75025,301.4
0.76,301.75,297.8808951850203,286.8699392669719,0.76024,0.76024,301.75
0.77,302.1,298.0989497362912,287.181278651524,0.77023,0.77023,302.1
0.78,302.45,298.3145544772762,287.492522758524,0.78022,0.78022,302.45
0.79,302.8,298.5277683967491,287.8036738414957,0.7902100000000001,0.7902100000000001,302.8
0.8,303.15,298.7386483288963,288.1147341078637,0.8002,0.8002,303.15
0.8100000000000001,303.5,298.9472490580744,288.425705719637,0.8101900000000001,0.8101900000000001,303.5
0.82,303.85,299.1536234172412,288.7365907940848,0.8201799999999999,0.8201799999999999,303.85
0.83,304.2,299.3578223805145,289.047391404401,0.83017,0.83017,304.2
0.84,304.55,299.5598951502748,289.3581095803605,0.84016,0.84016,304.55
0.85,304.9,299.759889239198,289.668747308966,0.85015,0.85015,304.9
0.86,305.25,299.9578505475648,289.9793065350859,0.86014,0.86014,305.25
0.87,305.6,300.1538234361742,290.2897891620825,0.87013,0.87013,305.6
0.88,305.95,300.3478507951576,290.6001970524329,0.88012,0.88012,305.95
0.89,306.3,300.5399741089674,290.9105320283393,0.8901100000000001,0.8901100000000001,306.3
0.9,306.65,300.7302335177939,291.2207958723328,0.9001,0.9001,306.65
0.91,307,300.9186678756445,291.5309903278669,0.9100900000000001,0.9100900000000001,307
0.92,307.35,301.1053148053023,291.8411170999037,0.92008,0.92008,307.35
0.93,307.7,301.2902107503605,292.1511778554924,0.9300700000000001,0.9300700000000001,307.7
0.9399999999999999,308.05,301.4733910245227,292.4611742243379,0.9400599999999999,0.9400599999999999,308.05
0.95,308.4,301.6548898583364,292.7711077993634,0.95005,0.95005,308.4
0.96,308.75,301.8347404435215,293.0809801372641,0.96004,0.96004,308.75
0.97,309.1,302.0129749750401,293.3907927590531,0.9700299999999999,0.9700299999999999,309.1
0.98,309.45,302.1896246910447,293.7005471506009,0.98002,0.98002,309.45
0.99,309.8,302.3647199108343,294.0102447631649,0.9900099999999999,0.9900099999999999,309.8
1,310.15,302.5382900709337,294.3198870139146,1,1,310.15
1,310.15,302.5382900709337,294.3198870139146,1,1,310.15
