"time","hBulPhi.h","phi.y","hBulPhi.phi"
0,29640.76023996056,0.001,0.001
0.01,30284.00525641012,0.01099,0.01099
0.02,30927.7710665124,0.02098,0.02098
0.03,31572.05830300266,0.03097,0.03097
0.04,32216.86759964157,0.04096,0.04096
0.05,32862.19959121726,0.05095,0.05095
0.06,33508.05491354743,0.06094,0.06094
0.07000000000000001,34154.43420348144,0.07093000000000001,0.07093000000000001
0.08,34801.33809890237,0.08092000000000001,0.08092000000000001
0.09,35448.76723872916,0.09090999999999999,0.09090999999999999
0.1,36096.72226291869,0.1009,0.1009
0.11,36745.20381246788,0.11089,0.11089
0.12,37394.21252941582,0.12088,0.12088
0.13,38043.7490568459,0.13087,0.13087
0.14,38693.8140388879,0.14086,0.14086
0.15,39344.40812072014,0.15085,0.15085
0.16,39995.53194857163,0.16084,0.16084
0.17,40647.18616972418,0.17083,0.17083
0.18,41299.37143251454,0.18082,0.18082
0.19,41952.0883863366,0.19081,0.19081
0.2,42605.33768164349,0.2008,0.2008
0.21,43259.11996994978,0.21079,0.21079
0.22,43913.4359038336,0.22078,0.22078
0.23,44568.28613693888,0.23077,0.23077
0.24,45223.67132397745,0.24076,0.24076
0.25,45879.59212073128,0.25075,0.25075
0.26,46536.04918405465,0.26074,0.26074
0.27,47193.04317187631,0.27073,0.27073
0.28,47850.57474320175,0.28072,0.28072
0.29,48508.64455811532,0.29071,0.29071
0.3,49167.25327778251,0.3007,0.3007
0.31,49826.40156445211,0.31069,0.31069
0.32,50486.09008145846,0.32068,0.32068
0.33,51146.31949322367,0.33067,0.33067
0.34,51807.09046525986,0.34066,0.34066
0.35,52468.40366417136,0.35065,0.35065
0.36,53130.259757657,0.36064,0.36064
0.37,53792.65941451232,0.37063,0.37063
0.38,54455.60330463185,0.38062,0.38062
0.39,55119.09209901132,0.39061,0.39061
0.4,55783.12646975001,0.4006,0.4006
0.41,56447.70709005293,0.41059,0.41059
0.42,57112.83463423315,0.42058,0.42058
0.43,57778.50977771405,0.43057,0.43057
0.44,58444.73319703163,0.44056,0.44056
0.45,59111.50556983679,0.45055,0.45055
0.46,59778.82757489763,0.46054,0.46054
0.47,60446.69989210174,0.4705299999999999,0.4705299999999999
0.48,61115.12320245854,0.48052,0.48052
0.49,61784.09818810158,0.49051,0.49051
0.5,62453.62553229083,0.5004999999999999,0.5004999999999999
0.51,63123.70591941504,0.51049,0.51049
0.52,63794.34003499411,0.5204800000000001,0.5204800000000001
0.53,64465.52856568129,0.53047,0.53047
0.54,65137.27219926573,0.5404600000000001,0.5404600000000001
0.55,65809.5716246746,0.55045,0.55045
0.5600000000000001,66482.42753197566,0.56044,0.56044
0.57,67155.84061237944,0.57043,0.57043
0.58,67829.81155824175,0.5804199999999999,0.5804199999999999
0.59,68504.34106306598,0.59041,0.59041
0.6,69179.42982150544,0.6003999999999999,0.6003999999999999
0.61,69855.07852936587,0.61039,0.61039
0.62,70531.2878836077,0.62038,0.62038
0.63,71208.0585823485,0.63037,0.63037
0.64,71885.39132486541,0.64036,0.64036
0.65,72563.28681159754,0.65035,0.65035
0.66,73241.74574414831,0.66034,0.66034
0.67,73920.76882528797,0.6703300000000001,0.6703300000000001
0.68,74600.35675895597,0.68032,0.68032
0.6899999999999999,75280.51025026341,0.69031,0.69031
0.7,75961.23000549547,0.7002999999999999,0.7002999999999999
0.71,76642.51673211386,0.71029,0.71029
0.72,77324.37113875928,0.7202799999999999,0.7202799999999999
0.73,78006.79393525385,0.73027,0.73027
0.74,78689.78583260359,0.74026,0.74026
0.75,79373.34754300096,0.75025,0.75025
0.76,80057.47977982713,0.76024,0.76024
0.77,80742.1832576547,0.77023,0.77023
0.78,81427.45869225007,0.78022,0.78022
0.79,82113.30680057594,0.7902100000000001,0.7902100000000001
0.8,82799.72830079381,0.8002,0.8002
0.8100000000000001,83486.72391226649,0.8101900000000001,0.8101900000000001
0.82,84174.29435556063,0.8201799999999999,0.8201799999999999
0.83,84862.44035244927,0.83017,0.83017
0.84,85551.16262591424,0.84016,0.84016
0.85,86240.46190014883,0.85015,0.85015
0.86,86930.33890056028,0.86014,0.86014
0.87,87620.79435377227,0.87013,0.87013
0.88,88311.82898762761,0.88012,0.88012
0.89,89003.44353119061,0.8901100000000001,0.8901100000000001
0.9,89695.63871474977,0.9001,0.9001
0.91,90388.41526982035,0.9100900000000001,0.9100900000000001
0.92,91081.77392914692,0.92008,0.92008
0.93,91775.71542670589,0.9300700000000001,0.9300700000000001
0.9399999999999999,92470.24049770819,0.9400599999999999,0.9400599999999999
0.95,93165.34987860188,0.95005,0.95005
0.96,93861.0443070746,0.96004,0.96004
0.97,94557.32452205628,0.9700299999999999,0.9700299999999999
0.98,95254.19126372192,0.98002,0.98002
0.99,95951.64527349384,0.9900099999999999,0.9900099999999999
1,96649.68729404465,1,1
1,96649.68729404465,1,1
